city,lat,long,max_temp,humidity,cloudiness,wind_spd,country,date
Timrå,62.49,17.33,276.48,93,0,3.1,SE,1604034070
Jiexiu,37.02,111.91,288.31,42,0,1.38,CN,1604034070
Esperance,-33.87,121.9,299.15,22,87,5.7,AU,1604034070
Bluff,-46.6,168.33,288.71,92,100,1.79,NZ,1604034070
Vaijāpur,19.92,74.73,299.73,40,0,1.47,IN,1604034070
Makat,47.65,53.35,281.54,54,17,9.68,KZ,1604034071
Punta Arenas,-53.15,-70.92,281.15,70,75,9.3,CL,1604034071
Saint-Philippe,-21.36,55.77,296.15,56,75,10.3,RE,1604034071
Sapouy,11.55,-1.77,296.03,29,0,1.2,BF,1604034071
Necochea,-38.55,-58.74,275.93,89,0,1.79,AR,1604034072
Cabo San Lucas,22.89,-109.91,294.15,73,5,5.1,MX,1604033872
Felipe Carrillo Puerto,19.58,-88.05,296.29,98,13,1.25,MX,1604034072
Mataura,-46.19,168.86,288.71,92,100,1.79,NZ,1604034072
Neryungri,56.67,124.65,268.22,94,96,0.15,RU,1604034072
Hobart,-42.88,147.33,290.37,67,75,8.2,AU,1604034023
Patacamaya,-17.23,-67.92,279.91,82,30,3.51,BO,1604034073
Hermanus,-34.42,19.23,282.04,83,49,0.45,ZA,1604034073
Verkhoyansk,67.54,133.38,255.18,91,92,0.45,RU,1604034073
Petropavlovsk-Kamchatskiy,53.05,158.65,280.15,70,85,2.0,RU,1604034074
Acajutla,13.59,-89.83,294.26,100,99,2.06,SV,1604033927
Butaritari,3.07,172.79,301.13,76,29,5.33,KI,1604034074
Somerset East,-32.72,25.59,282.22,79,100,4.47,ZA,1604034075
George Town,5.41,100.34,305.15,62,20,2.1,MY,1604033931
Cape Town,-33.93,18.42,284.82,81,0,1.5,ZA,1604034388
Bariloche,-41.15,-71.31,282.04,56,0,3.1,AR,1604034026
Albany,42.6,-73.97,278.15,89,100,4.16,US,1604033747
Coos Bay,43.37,-124.22,282.15,100,40,3.1,US,1604034075
Busselton,-33.65,115.33,304.82,21,0,1.86,AU,1604034076
Aykhal,66.0,111.5,254.64,91,81,1.05,RU,1604034076
Biloela,-24.42,150.5,305.66,25,0,6.32,AU,1604034009
Debre Tabor,11.85,38.02,286.22,58,2,1.38,ET,1604034076
Tessalit,20.2,1.01,295.33,20,0,3.28,ML,1604034076
Ponta do Sol,32.67,-17.1,293.15,72,20,5.1,PT,1604034077
Ushuaia,-54.8,-68.3,279.15,81,90,5.1,AR,1604034077
Thompson,55.74,-97.86,267.65,97,90,4.23,CA,1604033838
Ribeira Grande,38.52,-28.7,292.84,85,68,4.55,PT,1604034077
New Norfolk,-42.78,147.06,290.37,61,81,0.89,AU,1604033833
Khatanga,71.97,102.5,254.95,85,0,4.14,RU,1604034078
Gamba,-2.65,10.0,297.21,91,73,0.38,GA,1604034078
Upernavik,72.79,-56.15,268.66,97,99,2.76,GL,1604034079
Kaitangata,-46.28,169.85,289.26,87,100,1.79,NZ,1604034079
Chokurdakh,70.63,147.92,252.56,93,98,0.14,RU,1604034079
Muisne,0.6,-80.03,296.6,83,100,3.6,EC,1604034080
Kruisfontein,-34.0,24.73,287.04,78,16,0.89,ZA,1604034080
Valencia,39.33,-0.83,284.82,87,0,2.6,ES,1604034080
Puerto Ayora,-0.74,-90.35,293.15,95,100,1.34,EC,1604034080
Rikitea,-23.12,-134.97,297.28,74,87,2.07,PF,1604034080
Touros,-5.2,-35.46,296.15,88,20,1.5,BR,1604034080
Tiksi,71.69,128.87,262.12,96,99,2.36,RU,1604034081
Ambilobe,-13.2,49.05,302.85,40,0,4.72,MG,1604034081
Talnakh,69.49,88.4,257.53,88,87,4.39,RU,1604034081
Kapaa,22.08,-159.32,299.15,65,75,2.6,US,1604034081
Torbay,47.67,-52.73,277.59,74,99,1.34,CA,1604034082
Carnarvon,-24.87,113.63,299.15,65,0,7.7,AU,1604034082
Saldanha,-33.01,17.94,279.15,75,0,2.1,ZA,1604034082
Ust-Nera,64.57,143.2,260.81,88,100,1.01,RU,1604034083
Vila Velha,-20.33,-40.29,299.15,83,75,2.6,BR,1604034083
Cherskiy,68.75,161.3,258.71,92,100,1.86,RU,1604034083
Atuona,-9.8,-139.03,298.77,70,77,6.97,PF,1604034083
Jaca,42.57,-0.55,283.15,77,31,1.06,ES,1604034083
Vaini,-21.2,-175.2,297.15,64,20,4.6,TO,1604034084
Olinda,-8.01,-34.86,300.15,74,40,4.1,BR,1604033912
Del Rio,29.36,-100.9,290.15,48,1,3.1,US,1604034084
San Patricio,28.02,-97.52,288.15,54,1,6.2,US,1604034085
Port Alfred,-33.59,26.89,289.36,63,96,6.24,ZA,1604034085
Bethel,41.37,-73.41,279.26,100,90,5.1,US,1604034085
Kahului,20.89,-156.47,301.15,69,75,3.1,US,1604034003
Itarema,-2.92,-39.92,298.36,83,73,6.24,BR,1604034086
Norman Wells,65.28,-126.83,259.74,93,63,1.08,CA,1604034086
São João da Barra,-21.64,-41.05,296.9,92,100,4.48,BR,1604034086
Ngunguru,-35.62,174.5,292.59,75,98,4.02,NZ,1604034086
Vostok,46.49,135.88,273.63,98,99,1.56,RU,1604034087
Tuatapere,-46.13,167.68,288.71,92,100,1.79,NZ,1604034087
Bam,29.11,58.36,295.23,19,0,2.3,IR,1604034087
Savonlinna,61.87,28.88,279.15,100,20,1.0,FI,1604034087
Linxia Chengguanzhen,35.6,103.21,283.01,52,45,2.53,CN,1604034087
Correntina,-13.34,-44.64,295.84,88,100,1.32,BR,1604034088
Tasiilaq,65.61,-37.64,273.15,98,100,8.2,GL,1604034088
Quatre Cocos,-20.21,57.76,297.04,52,7,4.92,MU,1604034088
Faanui,-16.48,-151.75,299.72,81,10,4.64,PF,1604034088
Vestmannaeyjar,63.44,-20.27,280.33,77,100,6.36,IS,1604034088
Kamaishi,39.27,141.88,285.15,58,75,2.6,JP,1604034089
Eureka,40.8,-124.16,282.15,75,1,1.5,US,1604034089
Qaanaaq,77.48,-69.36,258.35,73,23,3.43,GL,1604034089
Ballina,-28.87,153.57,301.48,73,0,8.2,AU,1604033949
Pangnirtung,66.15,-65.71,258.78,82,55,1.55,CA,1604034090
Cockburn Town,21.46,-71.14,301.16,78,18,7.18,TC,1604033908
Tautira,-17.73,-149.15,300.15,78,75,2.6,PF,1604034091
Shelburne,44.08,-80.2,274.82,92,100,5.28,CA,1604033990
Hilo,19.73,-155.09,299.15,83,90,0.86,US,1604034008
Smoky Lake,54.12,-112.47,271.48,98,53,0.89,CA,1604034091
Sungai Penuh,-2.08,101.38,299.35,71,82,0.85,ID,1604034092
Sorong,-0.88,131.25,303.3,67,82,6.07,ID,1604034092
Castro,-24.79,-50.01,288.1,96,100,5.53,BR,1604033950
Rio Grande,-32.03,-52.1,282.04,95,11,4.07,BR,1604033835
Taunggyi,20.78,97.03,290.8,100,99,2.06,MM,1604034092
Chui,-33.7,-53.46,284.12,84,33,2.67,UY,1604034093
Leningradskiy,69.38,178.42,264.29,88,38,7.27,RU,1604034093
Den Helder,52.96,4.76,287.59,93,90,9.8,NL,1604034093
Wilmington,34.23,-77.94,300.15,78,90,9.3,US,1604034495
Barrow,71.29,-156.79,270.15,73,75,5.7,US,1604034093
Sitka,57.05,-135.33,276.15,86,1,2.1,US,1604034094
Vardø,70.37,31.11,272.15,92,75,6.2,NO,1604034094
Mendi,-6.18,143.65,290.41,94,90,1.34,PG,1604034094
Mar del Plata,-38.0,-57.56,280.93,93,0,2.1,AR,1604033879
Tiarei,-17.53,-149.33,300.15,78,75,2.6,PF,1604034095
Mayya,61.73,130.28,255.15,77,0,1.0,RU,1604034095
Amga,60.9,131.96,259.93,89,52,1.79,RU,1604034095
Vredendal,-31.67,18.5,284.69,58,4,4.66,ZA,1604034095
Malanje,-9.54,16.34,292.13,97,100,2.19,AO,1604034095
Porto-Novo,6.5,2.6,297.8,90,100,1.33,BJ,1604034096
Dhārchula,29.85,80.53,296.34,19,0,2.24,IN,1604034096
Ancud,-41.87,-73.82,281.48,87,0,6.2,CL,1604034096
Kavieng,-2.57,150.8,300.13,80,99,2.63,PG,1604034097
Hutchinson,38.06,-97.93,274.15,80,1,3.81,US,1604034057
Hong Kong,22.29,114.16,299.82,75,97,4.02,HK,1604033933
Provideniya,64.38,-173.3,268.15,67,0,0.91,RU,1604034097
Erdaojiang,41.78,126.03,284.13,40,0,0.19,CN,1604034097
Kununurra,-15.77,128.73,311.15,31,37,4.1,AU,1604033845
‘Āhuimanu,21.44,-157.84,300.93,54,75,3.6,US,1604034098
Nikolskoye,59.7,30.79,283.15,93,90,0.1,RU,1604034098
Ola,59.58,151.28,272.67,90,96,1.64,RU,1604034098
Villefontaine,45.61,5.15,281.48,93,0,0.68,FR,1604034098
Ōdachō-ōda,35.18,132.5,290.15,51,75,7.7,JP,1604034098
East London,-33.02,27.91,288.15,77,0,6.7,ZA,1604034099
Bozoum,6.32,16.38,292.6,93,100,1.57,CF,1604034099
Baní,18.28,-70.33,298.71,89,96,1.34,DO,1604034099
Kemin,42.78,75.69,283.33,42,4,4.29,KG,1604034099
Jamestown,42.1,-79.24,278.71,100,90,4.1,US,1604034099
Bitung,1.45,125.18,303.1,66,29,2.1,ID,1604034100
San Cristobal,7.77,-72.22,291.81,89,91,1.18,VE,1604034100
Paamiut,61.99,-49.67,269.79,88,0,2.06,GL,1604034100
Poum,-20.23,164.02,298.53,73,89,4.83,NC,1604034100
Sangmélima,2.93,11.98,291.24,99,80,0.3,CM,1604034100
Kalmunai,7.42,81.82,304.35,55,81,4.47,LK,1604034101
Toamasina,-18.17,49.38,298.15,73,75,5.7,MG,1604034101
Fuengirola,36.54,-4.62,288.15,81,0,4.1,ES,1604034101
Pevek,69.7,170.31,266.78,97,100,5.71,RU,1604034101
Vallenar,-28.57,-70.76,285.1,77,0,0.06,CL,1604034102
Hailey,43.52,-114.32,279.15,52,5,2.6,US,1604034048
Miraflores,19.22,-98.81,291.15,42,75,4.6,MX,1604034102
San Luis,-33.3,-66.34,286.01,38,94,6.32,AR,1604034102
Saint-Augustin,51.23,-58.65,270.04,86,41,6.45,CA,1604034102
Tuni,17.35,82.55,303.06,56,78,0.26,IN,1604034103
Härnösand,62.63,17.94,276.48,93,0,3.1,SE,1604034103
Geraldton,-28.77,114.6,306.15,29,0,6.2,AU,1604034103
Manokwari,-0.87,134.08,302.44,72,100,3.56,ID,1604033975
Kapuskasing,49.42,-82.43,262.58,92,0,0.46,CA,1604034104
Isla Mujeres,21.23,-86.73,300.15,88,40,1.5,MX,1604034104
Angoche,-16.23,39.91,300.42,70,0,3.49,MZ,1604034104
Ilulissat,69.22,-51.1,264.15,72,90,2.6,GL,1604034105
Pundaguitan,6.37,126.17,302.0,72,63,2.71,PH,1604034105
Narsaq,60.92,-46.05,272.15,86,64,1.5,GL,1604034105
Malabo,3.75,8.78,296.15,100,20,0.82,GQ,1604034106
Fairbanks,64.84,-147.72,264.15,78,90,2.6,US,1604033880
Avarua,-21.21,-159.78,296.15,78,100,2.6,CK,1604034028
Te Anau,-45.42,167.72,287.41,89,100,2.38,NZ,1604034106
Enumclaw,47.2,-121.99,282.04,88,8,0.89,US,1604034106
Henties Bay,-22.12,14.28,285.37,92,18,0.89,NA,1604034107
Waddān,29.16,16.14,286.07,84,27,1.86,LY,1604034107
Salalah,17.02,54.09,299.15,65,0,0.5,OM,1604034107
Nārnaund,29.22,76.15,300.96,15,0,2.51,IN,1604034108
Miranda do Corvo,40.09,-8.33,286.48,93,0,1.5,PT,1604034100
Marawi,8.0,124.29,299.82,89,90,1.34,PH,1604034108
Nouadhibou,20.93,-17.03,292.15,82,0,8.2,MR,1604034108
Airai,-8.93,125.41,298.62,55,8,1.82,TL,1604034108
Port Elizabeth,-33.92,25.57,287.15,76,0,4.6,ZA,1604034109
Saint Paul Harbor,57.79,-152.41,271.15,79,1,2.6,US,1604034509
Arraial do Cabo,-22.97,-42.03,297.01,93,98,2.17,BR,1604034006
Sibolga,1.74,98.78,303.84,56,15,2.36,ID,1604033875
Pontes e Lacerda,-15.23,-59.34,294.64,93,100,1.75,BR,1604033907
Tuktoyaktuk,69.45,-133.04,258.33,95,47,2.81,CA,1604034110
Diffa,13.32,12.61,298.43,25,0,4.15,NE,1604034110
Mahébourg,-20.41,57.7,297.04,52,8,4.92,MU,1604034110
Makakilo City,21.35,-158.09,300.93,57,90,4.6,US,1604034110
Santa Rosa,14.31,121.11,306.48,74,75,2.6,PH,1604034111
Kenai,60.55,-151.26,269.26,79,90,2.1,US,1604034111
Port Hardy,50.7,-127.42,283.89,90,100,10.65,CA,1604034002
Portland,45.52,-122.68,283.71,87,20,0.33,US,1604034001
Kimberley,-28.73,24.76,288.15,93,0,1.5,ZA,1604034112
Salinópolis,-0.61,-47.36,299.71,84,29,5.23,BR,1604034112
Abhar,36.15,49.22,289.16,30,2,1.26,IR,1604034112
Beringovskiy,63.05,179.32,269.3,81,0,0.88,RU,1604034112
Bredasdorp,-34.53,20.04,282.15,70,12,3.1,ZA,1604034113
Buraidah,26.33,43.98,286.15,43,0,3.24,SA,1604034011
Breytovo,58.3,37.86,276.89,88,53,4.06,RU,1604034113
Marzuq,14.4,46.47,294.76,23,0,1.16,YE,1604034113
Aksarka,66.56,67.8,274.66,98,100,5.8,RU,1604034113
Rochegda,62.8,43.25,280.35,93,100,4.06,RU,1604034114
Tezu,27.92,96.17,303.47,28,38,1.21,IN,1604034114
Margate,51.38,1.39,288.15,80,97,3.13,GB,1604034114
Fort Nelson,58.81,-122.7,269.32,98,94,0.92,CA,1604034004
El Salvador,13.83,-88.92,298.15,94,40,2.1,SV,1604033912
Irauçuba,-3.75,-39.78,296.31,83,100,3.42,BR,1604034115
Severo-Kuril'sk,50.68,156.12,279.62,82,54,6.47,RU,1604034115
New Richmond,45.12,-92.54,268.15,85,1,1.04,US,1604034115
Takoradze,4.88,-1.76,298.57,87,10,3.18,GH,1604034115
Lorengau,-2.02,147.27,303.49,62,76,2.86,PG,1604034067
Al Bardīyah,31.76,25.09,292.99,79,10,5.65,LY,1604034116
Clyde River,70.47,-68.59,266.77,95,100,2.85,CA,1604034116
Safi,32.3,-9.24,294.6,49,70,2.15,MA,1604034116
Port Augusta,-32.5,137.77,291.15,59,65,12.3,AU,1604034117
Lata,40.16,-8.33,286.48,93,0,1.5,PT,1604034117
Aksu,41.12,80.26,285.71,36,98,2.49,CN,1604034117
Nanortalik,60.14,-45.24,272.18,93,100,4.75,GL,1604034117
Moengo,5.62,-54.4,298.85,87,100,1.79,SR,1604034117
Watsa,3.04,29.54,291.09,100,100,1.03,CD,1604034118
Tocopilla,-22.09,-70.2,288.56,56,0,1.83,CL,1604034113
Provincie Utrecht,52.0,5.25,286.48,95,100,2.68,NL,1604033881
Bambous Virieux,-20.34,57.76,297.04,52,13,4.92,MU,1604034118
Beroroha,-21.67,45.17,301.61,41,0,5.99,MG,1604034118
Harper,4.38,-7.72,298.31,87,100,2.46,LR,1604034119
Liwale,-9.77,37.93,297.32,70,82,2.34,TZ,1604034119
Pisco,-13.7,-76.22,290.15,82,90,6.2,PE,1604034119
Djibo,14.1,-1.63,298.63,19,0,2.49,BF,1604034120
Haines Junction,60.75,-137.51,268.14,94,100,0.43,CA,1604034120
Le Port,-20.94,55.29,296.15,53,20,14.9,RE,1604034120
Inhambane,-23.86,35.38,297.15,83,40,3.1,MZ,1604034120
Loa Janan,-0.58,117.09,307.24,47,46,2.41,ID,1604034121
Trat,12.5,102.5,299.49,88,85,0.71,TH,1604034121
Trairi,-3.28,-39.27,298.59,81,56,4.94,BR,1604034121
La Malbaie,47.66,-70.16,269.82,69,40,3.13,CA,1604034122
Birao,10.28,22.79,296.11,50,29,1.12,CF,1604034122
Syamzha,60.02,41.06,276.56,93,97,3.61,RU,1604034122
Ürümqi,43.8,87.6,279.15,60,0,2.0,CN,1604034006
Aktau,43.65,51.2,280.15,48,0,8.0,KZ,1604034123
Kirakira,-10.45,161.92,299.49,83,100,2.89,SB,1604034123
Mount Gambier,-37.83,140.77,290.15,77,75,6.7,AU,1604034123
Sturgeon Falls,46.36,-79.93,269.26,69,0,3.13,CA,1604034123
Maniitsoq,65.42,-52.9,269.42,89,81,4.57,GL,1604034124
Kiryat Gat,31.61,34.76,295.37,100,99,1.03,IL,1604033941
Dwārka,22.24,68.97,302.63,42,0,5.23,IN,1604034124
Tromsø,69.65,18.96,273.15,94,75,8.7,NO,1604034124
Klaksvík,62.23,-6.59,282.15,100,100,13.9,FO,1604034125
Biak,-0.91,122.88,302.65,69,60,2.56,ID,1604034125
Rovaniemi,66.5,25.72,271.15,86,0,4.1,FI,1604034125
Constitución,-35.33,-72.42,286.51,71,0,1.28,CL,1604034125
St. George's,12.06,-61.75,300.15,83,75,4.6,GD,1604034126
Elko,41.0,-115.5,277.59,43,1,0.44,US,1604034126
Tanete,-3.94,119.78,306.8,44,62,1.59,ID,1604034126
Podolínec,49.26,20.54,278.71,84,0,0.98,SK,1604034127
Sawtell,-30.38,153.1,297.04,73,0,9.8,AU,1604034127
Alta Floresta,-9.88,-56.09,295.27,97,100,1.27,BR,1604033994
Dikson,73.51,80.55,260.76,93,100,11.58,RU,1604034127
Luganville,-15.53,167.17,299.15,83,75,4.1,VU,1604034128
Comodoro Rivadavia,-45.87,-67.5,287.15,35,0,6.2,AR,1604033891
Nizhniy Odes,63.64,54.86,276.52,97,100,3.81,RU,1604034128
Rauma,61.13,21.51,276.15,100,90,1.0,FI,1604034128
Payson,40.04,-111.73,278.15,69,1,1.43,US,1604034128
Khokhryaki,56.92,53.32,272.59,91,54,2.79,RU,1604034129
Udachny,66.42,112.4,253.42,90,71,0.66,RU,1604034129
Prince Albert,53.2,-105.77,271.13,96,98,2.35,CA,1604033844
Aklavik,68.22,-135.01,259.13,92,13,3.29,CA,1604033883
Sar-e Pul,35.83,66.17,285.4,25,0,0.96,AF,1604034130
Srīsailain,16.08,78.87,300.32,60,81,3.02,IN,1604034130
Lebu,-37.62,-73.65,283.84,83,12,6.64,CL,1604034130
Chicama,-7.84,-79.15,290.24,84,100,2.66,PE,1604034130
Jardim,-21.48,-56.14,292.1,89,49,2.03,BR,1604034062
Faya,18.39,42.45,286.15,40,0,0.97,SA,1604034131
Laguna,38.42,-121.42,287.04,58,1,1.13,US,1604034131
Neuquén,-38.95,-68.06,287.33,34,0,4.85,AR,1604034131
Yellowknife,62.46,-114.35,262.04,94,100,0.78,CA,1604034122
Nyurba,63.28,118.33,257.32,87,100,3.01,RU,1604034132
Marfino,55.7,37.38,277.04,71,75,3.0,RU,1604034132
Chara,56.91,118.26,268.18,91,10,0.55,RU,1604034132
Caarapó,-22.63,-54.82,288.84,96,9,3.01,BR,1604034132
San Rafael,-34.62,-68.33,285.5,41,0,1.83,AR,1604034133
Beihai,21.48,109.1,296.24,79,97,5.25,CN,1604034133
Kuching,1.55,110.33,302.15,83,40,1.0,MY,1604034133
Senanga,-16.12,23.27,298.11,39,21,4.01,ZM,1604034133
Havøysund,71.0,24.66,274.15,86,75,5.7,NO,1604034134
Avera,33.19,-82.53,289.15,44,1,6.2,US,1604034134
Vila Franca do Campo,37.72,-25.43,292.15,100,75,6.2,PT,1604034134
Hithadhoo,-0.6,73.08,301.66,76,81,5.6,MV,1604034084
Akdepe,42.06,59.38,277.15,60,0,7.2,TM,1604034134
Jasper,37.2,-94.35,277.04,81,1,1.5,US,1604034135
Gariāband,20.64,82.06,300.63,42,30,2.41,IN,1604034135
Rocha,-34.48,-54.33,284.43,75,93,2.88,UY,1604034135
Griffith,41.53,-87.42,277.59,55,90,5.7,US,1604034128
Rawson,-43.3,-65.1,284.07,58,79,3.16,AR,1604034135
Kłobuck,50.9,18.94,278.71,93,0,3.6,PL,1604034136
Sabang,5.89,95.32,301.3,72,82,4.13,ID,1604034136
Binga,-17.62,27.34,299.69,44,1,2.35,ZW,1604034136
Mossamedes,-15.2,12.15,293.57,75,6,2.15,AO,1604034136
Saskylakh,71.92,114.08,255.59,85,18,2.99,RU,1604034136
Blagoyevo,63.37,47.92,279.27,95,100,3.98,RU,1604034137
Cândido de Abreu,-24.57,-51.33,290.06,92,100,2.43,BR,1604034137
Iqaluit,63.75,-68.51,257.78,91,31,4.29,CA,1604034012
Hunchun,42.87,130.36,284.1,41,0,3.15,CN,1604034137
Coquimbo,-29.95,-71.34,285.15,87,0,1.0,CL,1604033904
Esim,4.87,-2.24,298.18,89,13,2.54,GH,1604034138
Marabu,4.41,114.01,305.15,70,40,6.7,MY,1604034138
Nara,34.69,135.8,291.15,48,75,4.6,JP,1604034058
Lavrentiya,65.58,-171.0,268.72,87,4,1.83,RU,1604034138
Lahad Datu,5.03,118.33,305.01,61,87,1.65,MY,1604034139
Springbok,-29.66,17.89,280.01,66,34,2.6,ZA,1604034139
Souillac,-20.52,57.52,297.04,52,11,4.92,MU,1604034139
Quelimane,-17.88,36.89,294.15,94,0,1.76,MZ,1604034139
Uruçuí,-7.23,-44.56,299.94,64,82,0.71,BR,1604034139
Longyearbyen,78.22,15.64,266.15,62,20,8.2,SJ,1604034140
Huanan,46.22,130.52,280.15,55,19,2.67,CN,1604034140
Kandrian,-6.22,149.55,301.43,77,100,4.57,PG,1604034140
Wuwei,37.93,102.64,284.45,41,14,7.17,CN,1604034140
Mirny,62.54,113.96,259.72,87,100,3.59,RU,1604034140
Bundaberg,-24.85,152.35,303.15,42,0,7.7,AU,1604034141
Ahipara,-35.17,173.17,291.25,75,100,4.52,NZ,1604034141
Rosarito,32.33,-117.03,293.15,77,5,1.5,MX,1604033911
Mukhen,48.1,136.1,277.03,86,97,1.61,RU,1604034141
San Quintín,30.48,-115.95,282.59,23,0,1.79,MX,1604034142
Bartica,6.4,-58.62,298.15,100,20,1.0,GY,1604034142
College,64.86,-147.8,264.15,78,90,2.1,US,1604034142
Road Town,18.42,-64.62,301.48,85,100,9.83,VG,1604034025
Zhigansk,66.77,123.37,251.55,90,99,1.69,RU,1604034142
Sudak,44.85,34.97,289.31,81,24,2.43,UA,1604034143
Umluj,25.02,37.27,302.4,21,0,0.77,SA,1604034143
Ransang,8.96,117.58,303.04,68,90,4.5,PH,1604034143
Hasaki,35.73,140.83,290.37,55,75,2.1,JP,1604034144
Dunedin,-45.87,170.5,289.26,79,100,1.34,NZ,1604033975
Tigil',57.8,158.67,274.65,96,99,2.06,RU,1604034144
Pavino,59.11,46.14,272.98,96,1,3.2,RU,1604034144
Jatai,-17.88,-51.71,294.1,91,100,0.55,BR,1604034144
Tondi,9.73,79.02,303.21,52,57,4.43,IN,1604034144
Iskateley,67.68,53.15,277.22,91,100,7.46,RU,1604034145
Makokou,0.57,12.86,293.01,91,100,0.25,GA,1604034145
Plettenberg Bay,-34.05,23.37,286.58,60,80,2.92,ZA,1604034145
Canoinhas,-26.18,-50.39,288.03,97,100,2.08,BR,1604034145
Umm Kaddadah,13.6,26.69,299.38,26,3,7.88,SD,1604034146
Huarmey,-10.07,-78.15,290.25,87,90,4.85,PE,1604034146
Aswān,24.09,32.91,298.15,21,0,2.9,EG,1604034146
Varna,43.22,27.92,284.82,100,75,2.92,BG,1604034146
Coruripe,-10.13,-36.18,297.69,86,86,5.9,BR,1604034146
Suruç,36.98,38.42,292.15,32,0,1.5,TR,1604034147
Omsukchan,62.53,155.8,262.95,92,90,0.41,RU,1604034147
Gorin,51.2,136.67,278.17,67,93,2.09,RU,1604034147
Pasni,25.26,63.47,298.97,29,0,4.82,PK,1604034147
Puerto Quijarro,-17.78,-57.77,297.19,71,100,2.95,BO,1604034148
Vanimo,-2.67,141.3,298.77,83,100,1.49,PG,1604034067
Andenes,69.31,16.12,275.15,69,99,4.1,NO,1604034148
Tottori-shi,35.5,134.23,289.15,51,75,8.2,JP,1604034055
Padang,-0.95,100.35,303.19,62,67,2.5,ID,1604034019
Palauig,15.44,119.9,302.36,72,5,2.46,PH,1604034149
Punta Umbría,37.18,-6.97,287.04,63,0,0.45,ES,1604034149
Innisfail,-17.53,146.03,302.04,44,0,1.79,AU,1604034149
Ambovombe,-25.17,46.08,296.52,61,0,5.71,MG,1604034150
Narasapuram,16.45,81.67,303.62,54,85,1.54,IN,1604034150
Nizhneangarsk,55.78,109.55,273.09,86,98,1.07,RU,1604034150
eMkhomazi,-30.21,30.8,294.26,84,71,4.92,ZA,1604034150
Kismayo,-0.36,42.55,300.64,71,52,2.38,SO,1604034151
Mount Isa,-20.73,139.5,310.15,6,0,5.1,AU,1604033898
Tulum,20.22,-87.47,297.28,95,9,2.49,MX,1604033944
Clovis,36.83,-119.7,292.15,29,1,1.34,US,1604033917
Salekhard,66.53,66.6,274.75,95,99,6.05,RU,1604034151
Yurimaguas,-5.9,-76.08,296.75,95,99,0.36,PE,1604034152
Bonavista,48.65,-53.11,275.37,85,17,3.13,CA,1604034152
Bilibino,68.05,166.44,256.19,82,79,0.78,RU,1604034152
Mahon,39.89,4.27,288.15,93,0,2.1,ES,1604034152
Upington,-28.45,21.26,288.15,47,0,3.1,ZA,1604034152
Saint George,37.1,-113.58,288.15,19,1,1.54,US,1604034043
Banda Aceh,5.56,95.32,303.5,59,83,4.0,ID,1604034153
Marsh Harbour,26.54,-77.06,300.32,82,0,6.08,BS,1604034153
Naze,28.37,129.48,298.15,53,40,6.7,JP,1604034153
Bengkulu,-3.8,102.27,299.97,78,96,1.71,ID,1604034153
Sakakah,29.97,40.21,289.15,18,0,0.46,SA,1604034154
Cayenne,4.93,-52.33,298.15,100,40,1.0,GF,1604034154
Qaqortoq,60.72,-46.03,272.15,86,87,1.5,GL,1604034154
Shiraz,29.6,52.54,285.15,25,0,1.12,IR,1604034154
Berlevåg,70.86,29.09,275.15,80,40,9.8,NO,1604034154
Kholmogory,64.22,41.66,281.15,87,20,3.0,RU,1604034155
Córdoba,-31.41,-64.18,287.04,43,0,2.6,AR,1604034027
Sola,-13.88,167.55,300.53,79,24,6.63,VU,1604034155
Burns Lake,54.23,-125.75,274.56,93,100,1.21,CA,1604034003
Auki,-8.77,160.7,297.97,90,100,0.47,SB,1604034156
Lagoa,39.05,-27.98,292.51,87,68,5.26,PT,1604034156
Conde,-7.26,-34.91,297.15,88,20,1.5,BR,1604034156
Sur,22.57,59.53,300.74,49,0,4.39,OM,1604034156
Khorramshahr,30.44,48.17,288.15,58,0,1.0,IR,1604034157
Bagdarin,54.43,113.6,272.63,88,100,0.65,RU,1604034157
Namtsy,62.72,129.67,255.15,77,0,1.0,RU,1604034157
Karratha,-20.74,116.85,305.3,39,71,7.94,AU,1604034157
Leh,34.17,77.58,273.83,63,18,2.03,IN,1604034158
Ketchikan,55.34,-131.65,279.15,80,90,3.6,US,1604034080
Ginir,7.13,40.7,290.26,74,9,0.12,ET,1604034158
Umm Hājar,13.3,19.7,300.97,24,27,3.81,TD,1604034158
Ust'-Koksa,50.27,85.61,270.91,87,100,2.49,RU,1604034158
Lerwick,60.15,-1.15,284.15,100,100,5.1,GB,1604034159
Qasigiannguit,68.82,-51.19,264.15,72,95,2.6,GL,1604034159
Villa Bruzual,9.33,-69.12,296.4,93,27,1.78,VE,1604034159
Bétaré Oya,5.6,14.08,291.72,96,90,0.61,CM,1604034159
Bonthe,7.53,-12.51,298.38,85,36,1.45,SL,1604034159
Erzin,36.96,36.2,288.15,93,40,0.5,TR,1604034159
Amapá,1.0,-52.0,295.99,90,4,1.46,BR,1604034160
Juneau,58.3,-134.42,275.15,100,90,1.31,US,1604033880
Grand Gaube,-20.01,57.66,297.04,52,0,4.92,MU,1604034160
Bintulu,3.17,113.03,306.15,66,20,3.6,MY,1604034160
Grindavik,63.84,-22.43,277.15,100,90,4.6,IS,1604034160
San Miguel de Tucumán,-26.82,-65.22,291.15,55,0,2.6,AR,1604034161
Ignalina,55.35,26.17,280.62,95,90,1.78,LT,1604034161
Mosetse,-20.75,26.65,297.67,20,0,6.07,BW,1604034161
Mackay,-21.15,149.2,304.82,55,0,8.7,AU,1604034161
Husavik,66.04,-17.34,280.15,70,90,7.7,IS,1604034161
Kurchum,48.57,83.65,274.4,88,100,4.86,KZ,1604034162
Yulara,-25.24,130.99,300.15,10,0,4.6,AU,1604034162
San Joaquin,37.93,-121.3,289.26,44,1,0.54,US,1604034162
Baruun-Urt,46.68,113.28,283.44,39,100,8.14,MN,1604034163
Loviisa,60.46,26.23,280.37,100,75,0.5,FI,1604034163
Srīvardhan,18.03,73.02,302.28,59,1,2.17,IN,1604034163
Gornyak,50.99,81.47,273.42,97,100,6.51,RU,1604034163
Santa Eulalia,-11.85,-76.68,290.15,82,20,5.7,PE,1604034163
Deputatsky,69.3,139.9,256.21,95,100,0.33,RU,1604034164
Lenoir City,35.8,-84.26,287.59,80,80,3.82,US,1604034064
Mezen',65.85,44.24,278.82,89,97,5.69,RU,1604034164
Hirara,24.8,125.28,298.15,69,75,7.7,JP,1604034164
Port Macquarie,-31.43,152.92,297.59,68,18,5.1,AU,1604034164
Hervey Bay,-25.3,152.85,303.15,42,0,7.7,AU,1604034161
Isangel,-19.55,169.27,301.15,65,75,5.1,VU,1604034165
Kulhudhuffushi,6.62,73.07,301.24,71,67,2.99,MV,1604034165
Grande Prairie,55.17,-118.8,273.36,94,100,2.7,CA,1604034131
Amet,25.3,73.93,300.42,20,0,1.13,IN,1604034165
Jiujiang,29.73,115.98,294.7,57,0,4.09,CN,1604034165
Ati,13.22,18.34,301.58,21,62,4.8,TD,1604034126
Luancheng,37.88,114.65,289.15,48,6,1.0,CN,1604034166
Acaraú,-2.89,-40.12,298.1,85,74,6.38,BR,1604034166
Dzhebariki-Khaya,62.22,135.8,258.93,89,78,0.53,RU,1604034166
Kloulklubed,7.04,134.26,303.15,74,90,3.6,PW,1604034166
Gunjur,13.2,-16.73,296.15,100,47,2.19,GM,1604034167
Santiago del Estero,-27.8,-64.26,289.34,34,60,2.73,AR,1604034167
Knysna,-34.04,23.05,284.15,66,20,2.6,ZA,1604034167
Juba,4.85,31.58,296.59,83,86,2.18,SS,1604034167
Taltal,-25.4,-70.48,285.82,74,31,0.26,CL,1604034167
Ivankiv,50.94,29.89,282.15,100,48,1.0,UA,1604034168
Grand-Santi,4.25,-54.38,296.69,96,91,1.51,GF,1604034168
Sambava,-14.27,50.17,297.2,81,32,5.99,MG,1604034168
Mae Hong Son,19.3,97.97,296.79,86,100,0.6,TH,1604034068
Kamenka,51.32,42.77,280.37,78,100,5.5,RU,1604034168
Abay,49.63,72.85,274.15,69,0,7.0,KZ,1604034169
Alyangula,-13.85,136.42,306.15,46,100,3.6,AU,1604034169
Verāval,20.9,70.37,302.34,43,1,2.72,IN,1604034169
Bredy,52.42,60.34,277.23,68,51,3.77,RU,1604034169
Mushie,-3.02,16.9,294.38,89,96,0.65,CD,1604034170
Kuito,-12.38,16.93,290.17,87,59,0.35,AO,1604034127
Vao,-22.67,167.48,296.46,82,91,7.96,NC,1604034170
Kieta,-6.22,155.63,301.14,78,62,5.0,PG,1604034170
Kuandian,40.73,124.78,286.61,36,0,1.3,CN,1604034170
Santa Isabel,-23.32,-46.22,292.15,93,75,2.6,BR,1604034090
Tāndā,26.55,82.65,302.16,36,0,3.35,IN,1604034171
Saint-Pierre,-21.34,55.48,296.15,56,75,10.3,RE,1604034171
Otradnoye,59.78,30.82,283.15,93,90,0.21,RU,1604034171
Camaná,-16.62,-72.71,290.16,76,44,2.9,PE,1604033976
Los Llanos de Aridane,28.66,-17.92,294.15,68,40,4.1,ES,1604034172
Alofi,-19.06,-169.92,297.15,69,55,9.3,NU,1604034172
Sühbaatar,50.23,106.21,275.12,90,100,2.5,MN,1604034172
Standerton,-26.93,29.24,291.48,54,14,0.45,ZA,1604034172
Chimbote,-9.09,-78.58,289.44,90,100,3.15,PE,1604034172
Laas,46.62,10.7,279.82,93,75,4.1,IT,1604034173
Rūdbār,30.15,62.6,286.24,30,0,1.94,AF,1604034173
Finnsnes,69.23,17.98,270.37,92,40,4.6,NO,1604034173
Birnin Kebbi,12.45,4.2,297.94,26,0,3.04,NG,1604034173
Antofagasta,-23.65,-70.4,288.15,77,90,2.1,CL,1604034173
Kuril'sk,45.23,147.88,281.52,79,95,4.67,RU,1604034174
Cumberland,35.05,-78.87,298.15,83,90,6.7,US,1604034174
Nova Olinda do Norte,-3.89,-59.09,299.19,80,47,1.45,BR,1604034174
Vestmanna,62.16,-7.17,282.15,100,100,13.9,FO,1604034174
Fairview,40.81,-74.0,281.48,93,90,3.6,US,1604034568
Tahoua,14.89,5.27,295.15,28,0,2.1,NE,1604034175
Giżycko,54.04,21.76,279.48,92,25,4.68,PL,1604034175
Pervomayskoye,43.92,46.71,291.12,77,95,6.58,RU,1604034175
Luan,46.36,6.98,281.48,97,70,1.5,CH,1604034175
Batticaloa,7.71,81.69,303.69,58,19,4.07,LK,1604034175
Dawlatabad,36.41,64.91,284.65,35,0,0.93,AF,1604034175
Sarkand,45.41,79.92,280.4,48,34,1.99,KZ,1604034176
Arrondissement de Saint-Gaudens,43.08,0.67,280.37,93,0,2.6,FR,1604034176
Muros,42.78,-9.06,282.04,94,1,3.49,ES,1604034176
Kavaratti,10.57,72.64,301.5,67,0,3.48,IN,1604034176
Heyang,26.1,107.47,293.31,73,91,1.14,CN,1604034176
Boa Vista,2.82,-60.67,300.15,78,0,1.0,BR,1604033914
Chumikan,54.72,135.31,276.53,76,100,7.76,RU,1604034177
San Carlos,9.66,-68.58,296.12,90,21,1.47,VE,1604034177
Denpasar,-8.65,115.22,302.05,75,64,4.22,ID,1604034177
Abonnema,4.71,6.79,295.15,100,40,1.38,NG,1604034177
Athens,37.98,23.72,290.37,87,20,1.39,GR,1604034086
Neiafu,-18.65,-173.98,297.15,64,40,4.6,TO,1604034178
Buala,-8.14,159.59,299.85,80,100,3.05,SB,1604034178
Katsuura,35.13,140.3,291.48,48,75,4.6,JP,1604034162
Dekar,-21.53,21.93,299.05,25,54,3.89,BW,1604034178
Nacala,-14.54,40.67,301.94,56,0,2.98,MZ,1604034179
Raudeberg,61.99,5.14,280.37,76,0,4.08,NO,1604034179
Saint-Louis,16.33,-15.0,301.76,17,82,4.38,SN,1604034179
Sémbé,1.65,14.58,293.38,94,100,0.21,CG,1604034179
Filimonovo,56.2,95.46,272.66,78,71,5.64,RU,1604034179
Broken Hill,-31.95,141.43,287.15,82,90,8.7,AU,1604034180
Hofn,64.25,-15.21,280.42,88,100,7.34,IS,1604034180
Anderson,34.53,-82.65,290.15,59,1,6.7,US,1604034180
Cap Malheureux,-19.98,57.61,297.04,52,0,4.92,MU,1604034064
Codrington,-38.27,141.97,288.6,85,70,7.76,AU,1604034180
Nadym,65.53,72.52,266.39,97,100,4.26,RU,1604034180
Puerto Madryn,-42.77,-65.04,285.46,58,74,4.95,AR,1604034049
Kharagpur,22.33,87.33,302.04,54,22,4.66,IN,1604034002
Skjervøy,70.03,20.97,274.15,80,75,7.2,NO,1604034181
Atambua,-9.11,124.89,303.97,52,9,0.91,ID,1604034181
Ostrovnoy,68.05,39.51,275.62,90,100,6.32,RU,1604034182
Bubaque,11.28,-15.83,302.04,71,28,3.72,GW,1604034182
Ayorou,14.73,0.92,299.0,18,0,2.66,NE,1604034182
Banyo,6.75,11.82,290.94,85,100,0.93,CM,1604034182
Maţāy,28.42,30.78,293.81,72,42,7.96,EG,1604034183
Schwarzenbach,49.73,12.0,282.59,93,90,2.6,DE,1604034183
Porto,41.15,-8.61,286.15,93,75,3.1,PT,1604033921
Mbanza-Ngungu,-5.25,14.87,293.51,98,100,0.95,CD,1604034183
Gēdo,9.02,37.45,285.17,62,26,1.62,ET,1604034183
Pacific Grove,36.62,-121.92,285.93,93,20,2.6,US,1604034184
Fortuna,40.6,-124.16,282.15,100,20,2.1,US,1604034184
Imbituba,-28.24,-48.67,289.15,87,75,5.7,BR,1604033964
Monywa,22.12,95.13,301.47,73,80,2.18,MM,1604034184
Daru,-9.08,143.21,301.72,70,20,4.28,PG,1604034185
Tadine,-21.55,167.88,298.19,75,61,6.31,NC,1604034185
Roald,62.58,6.13,279.26,87,0,0.89,NO,1604034185
Seminole,28.71,-81.21,299.26,78,1,3.6,US,1604034185
Presidencia Roque Sáenz Peña,-26.79,-60.44,286.69,70,2,1.95,AR,1604034185
Charter Township of Clinton,42.59,-82.92,278.15,80,90,6.7,US,1604034186
Coxquihui,20.18,-97.58,291.66,64,100,2.08,MX,1604034186
Kutum,14.2,24.67,294.22,29,4,4.86,SD,1604034186
Srednekolymsk,67.45,153.68,257.87,94,100,0.68,RU,1604034186
Fier,40.72,19.56,288.76,79,92,1.79,AL,1604034186
Najrān,17.49,44.13,288.15,25,0,0.6,SA,1604034187
Upata,8.01,-62.4,300.37,83,91,0.45,VE,1604034187
Korla,41.76,86.15,284.37,40,57,2.8,CN,1604034187
Hue,16.47,107.6,300.15,88,40,3.1,VN,1604034008
Yenangyaung,20.47,94.88,301.83,70,92,4.04,MM,1604034187
Kaseda-shirakame,31.42,130.32,293.15,52,20,1.0,JP,1604034188
Moussoro,13.64,16.49,300.32,21,6,6.46,TD,1604034188
Charlottesville,38.03,-78.48,285.15,87,90,3.6,US,1604034581
Yerbogachën,61.28,108.01,264.53,93,100,2.44,RU,1604034189
La Ronge,55.1,-105.28,266.93,96,54,2.91,CA,1604034189
Mayumba,-3.43,10.66,297.92,88,82,1.46,GA,1604034189
Boende,-0.22,20.87,293.48,98,99,0.56,CD,1604034189
Raja,8.46,25.68,294.9,85,91,3.0,SS,1604034189
Hay River,60.82,-115.8,265.92,95,100,2.49,CA,1604034004
Bongaree,-27.08,153.16,303.15,38,0,1.34,AU,1604034190
Ossora,59.24,163.07,274.14,91,64,3.6,RU,1604034190
Bulawayo,-20.15,28.58,295.25,31,0,3.99,ZW,1604034190
Puerto Baquerizo Moreno,-0.9,-89.6,293.3,92,89,4.45,EC,1604034190
Obzor,42.82,27.88,285.93,93,40,2.1,BG,1604034191
Lamu,-2.27,40.9,299.15,94,75,2.1,KE,1604034191
Philadelphia,39.95,-75.16,282.15,93,90,3.1,US,1604034094
Jieshi,22.81,115.83,301.48,63,87,8.22,CN,1604034191
Dalhousie,32.53,75.98,292.12,25,0,1.84,IN,1604034191
Marshalltown,42.05,-92.91,273.15,92,75,2.6,US,1604034192
Redmond,47.67,-122.12,283.15,95,26,1.54,US,1604033993
Dingle,11.0,122.67,299.0,88,100,2.43,PH,1604034192
Soignies,50.58,4.07,286.48,87,97,8.7,BE,1604034192
Örnsköldsvik,63.29,18.72,274.15,100,0,2.1,SE,1604034192
Kasongo-Lunda,-6.47,16.82,294.7,93,100,0.71,CD,1604034192
Ankara,39.92,32.85,284.82,93,75,1.5,TR,1604034017
